t_s,tau,sigma,coverage,mAP50,mAP50_95
0,1.0,0.0,0.0,0.08694528100504942,0.045892975831718565
60,0.381412,8.0,0.228254,0.03899254055501001,0.020970581939010132
120,0.441821,8.0,0.246546,0.04080642639508571,0.02192761959501989
180,0.48439,8.0,0.246845,0.04254291247218104,0.022838222788583086
300,0.994334,8.0,0.002321,0.08688700204033331,0.04589909961284453
450,0.999985,8.0,7e-06,0.08688700204033331,0.04589909961284453
600,1.0,8.0,0.0,0.08684385989432485,0.0458870143538289
